phone,password,session,balance,account_number,username
0910444620,Password123!,5eab978d3e2246a185b44955c3c99283,100000,947410059969,user_dndmhb6c
0910549914,Password123!,082fb57ad37c445d81c6660cf6ba5573,100000,149230395851,user_juqs3ywi
0910359949,Password123!,2391718cb64c41a88deb2d23ab4abb4e,100000,603020872462,user_qfzmvhva
0910762677,Password123!,10a7842038f34cae843b25e1922fd7f5,100000,787261629042,user_qizxoltu
0910145143,Password123!,d2ac9070d3f04c329c5f15f81ae29a80,100000,080799280616,user_a99hhi3l
0910757651,Password123!,704265e64fc84b31b6ad41eadfa25d91,100000,477619439159,user_lznsfcpe
0910592154,Password123!,4700b2688fe443b4ae207ebd5a1819fe,100000,626242670742,user_xitdn1ta
0910722815,Password123!,90b39d13e8814965abea348bcf5c79ae,100000,617542880692,user_q0v76jkt
0910353446,Password123!,137609e6b860472884fdccaa72a01561,100000,784918022059,user_sushgka7
0910796357,Password123!,291b3ea130c2458ebcfce59ef16b0d52,100000,270241828739,user_6j45jjte
0910244937,Password123!,af7bc9fa5e414cd581219628e1456bdc,100000,298290942756,user_c3gozjx6
0910003425,Password123!,e654cbb50c534dc49564d4b8e5dac7a8,100000,220107856262,user_ue3lb8fg
0910573253,Password123!,3ddc3851ab654b8da6dd06496e135def,100000,457460502736,user_e364h0tk
0910415420,Password123!,fdf6b7d68b1d4599b04f406ab0df5da1,100000,931938248417,user_fmax26vf
0910815145,Password123!,0342462f40234382aa54a5388d0cc49b,100000,063607550023,user_aocujmgv
0910995382,Password123!,432fb8b155d042d484a00560fc1f5ed5,100000,302092900255,user_b9fa0vzk
0910162626,Password123!,aba086f557a544508965511b8c625864,100000,230412270884,user_wk3oo7a0
0910935758,Password123!,09515c1650624204bf6d900967b22e52,100000,997820813110,user_61cxnzi3
0910039733,Password123!,7f76d34dcb224eaa83e12f749bf3b976,100000,116137949706,user_nua2fugu
0910498089,Password123!,d5617fa5431b4624a2be7a9c1a6cfe8c,100000,335409069186,user_2bz2gail
